5|"news bias"
5|"news resemblance"
5|"News resemblance"
5|"News resemblance bias"
5|"News analysis"
5|"News media"
5|"News bias comparison"
5|"bias comparison"
5|"comparison　article"
5|"comparison newspaper"
5|"newspaper bias"
5|"newspaper comparison"
5|"newspaper method"
5|"newspaper method baia"
5|"newspaper differnential"
5|"newspaper differences"
5|newspaper
5|"newspaper category"
5|"newspaper category bias"
5|"category article"
5|"category article bias"
6|"Named Entity news analysis"
6|"Named Entity news analysis positive negative"
6|"Named Entity news analysis agree disagree"
6|"Named Entity news annotation agree disagree"
6|"Named Entity news annotation"
6|"Named Entity news annalysis"
6|"Named Entity news analysis  clustering"
6|"News analysis  clustering agree disagree"
6|"News analysis clustering agree disagree"
6|"News analysis clustering opinion"
6|"News analysis clustering positive negative"
6|"News analysis opinion"
6|"News analysis pros and cons"
6|"News analysis pros cons clustering"
6|"News opinion mining"
6|"News opinion mining Named entity"
6|"News opinion mining Named entity pros cons"
6|"News Named entity pros cons"
6|"News Named entity pros cons annotation"
6|"News Named entity biased mining"
6|"biased News Named entity mining"
6|"distinguish biased News Named entity"
6|"News analysis Named entity"
6|"pros cons mining news"
6|"pros cons opinion news election"
6|"opinion news election"
6|"opinion news mining"
6|"news mining Named entity"
6|"news analysis Named entity"
6|"news analysis Named entity agree disagree"
6|"news analysis agree disagree"
7|"cause and effect text mining"
7|"cause and effect relation mining"
7|"twitter mining"
7|"event structure mining cause and effect"
7|"Dependency parsing cause and effect"
7|"Dependency parsing cause and effect text mining"
7|"Dependency parsing cause and effect text mining news analysis"
7|"Dependency parsing cause and effect text mining news analysis -biomedical"
7|"Dependency parsing  mining news analysis"
7|"SVO structure named entity news"
7|"SVO structure named entity news association mining"
7|"SVO named entity news association mining"
7|"SVO named entity cause and effect"
7|"cause mining news"
7|"cause mining news named entity"
7|"cause and effect mining news article named entity"
7|"SVO structuring"
7|"SVO structuring news article text mining"
7|"news relation maining"
7|"news  article relation maining"
7|"news  article relation mining cause and effect"
8|"search related event"
8|"related event"
8|"search elated phenomenon"
8|"search related phenomenon"
8|"search related news article"
8|"extract named entity news article"
8|"causal mining news article"
8|"causal news article"
8|"cause efficient news article"
8|"cause effect news article"
9|"privacy movement information"
9|"privacy mobility information"
9|"privacy mobility"
9|"privacy user movement"
10|"News named entity"
10|"News named entity contents"
10|"News named entity sentimental"
10|"News named entity polarity"
10|"News article named entity polarity"
10|"News article Analysis named entity polarity"
10|"News Analysis named entity polarity"
11|"gps anonymity"
11|"Anonymization moving object"
11|"Anonymization moving object precise"
11|"Anonymization moving object gradient"
11|"moving object gradient"
11|"Anonymization moving object  altitude"
11|"moving object  altitude"
11|"Anonymizing moving object  precise"
12|"注目事象との関連事象"
12|"connection phenomenon"
12|"news article"
12|"news article phrases"
12|"news article　sentence"
12|"news article　sentence causation"
12|"causation maining"
12|"causation mining"
12|"causation mining sentence"
12|"causation extract causation"
12|"causation extract japanese"
12|"causation japanese"
12|"causation japanese sentence"
12|"japanese sentence"
13|"named entity"
13|"Article relationship"
13|"bias analyticsp"
13|"article bias"
13|"article content"
13|"article named entity"
13|"named entity bias"
13|"named entity text"
13|"article polarity"
13|"news polarity"
13|"document polarity"
13|"named entity polarity"
13|"text polarity"
13|"text polarity class"
13|"named entity class"
13|"named entity text class"
14|"Causal relationship mining"
14|"Causal relationship mining news article"
14|"Causal relationship mining news article event"
14|"Causal relationship mining news article event named entity"
14|"Causal relationship news article event named entity"
14|"relationship news article event named entity"
14|"relationship news article event"
15|"privacy Migration path"
15|"privacy route recommendation"
15|"privacy Location information"
15|"privacy route information"
15|"privacy route information　database"
15|"onion routing"
15|"route information database privacy"
15|"location information database privacy"
16|"casual reration"
16|"casual relation"
16|"casual relation mining"
16|"mining association"
16|"mining association news"
16|"mining association article"
16|"casual relation news"
16|"casual relation article"
16|"casual relation conjunction"
16|"casual relation svo"
16|"casual relation fact"
16|"casual relation news title"
16|"casual relation article title"
16|"article cause"
17|"news article named entity polarity"
17|"named entity polarity"
17|"polarity news article"
17|"polarity news article named entity"
17|"""polarity"" news article named entity"
17|"""polarity""  named entity"
17|"news article named entity"
17|"news article anlyze"
17|"news article foe or againt"
17|"news article for or against"
17|"news article"
17|"news article visualizatin"
17|"news article person organization"
17|"news article topic model"
17|"news article topic named entity"
18|"mobility information"
18|"mobility information privacy"
18|"mobile information privacy"
18|"privacy mobility information"
18|"k-annonimity mobility information"
19|"causal analysis"
19|"causal analysis computer science"
19|"causal analysis news"
19|"causal relationship mining"
19|"causal relationship mining related event"
19|"causal relationship mining SVO"
19|"causal relationship mining ""SVO"""
19|"causal relationship mining news article"
19|"causal relationship mining news article effect"
19|"causality mining news article effect"
19|"causality mining"
19|"causality mining response"
19|"causality mining SVO"
19|"causality mining Subject–verb–object"
19|"causal relationship mining  related event"
19|"Learning causality for news events prediction"
19|"causality analysis"
19|"causal relationship mining  pronoun"
19|"causal relationship mining  proper noun"
20|"named entity news article"
20|"named entity news article Polarity"
20|"Polarity named entity news article"
20|"content analysis named entity news article"
20|"Polarity analysis named entity news article"
20|"content analysis news article"
20|"positive negative analysis news article"
20|"sentiment analysis news article"
21|"Route privacy"
21|"location privacy"
21|"location privacy k anonymous"
21|"location privacy Gradient k anonymous"
21|"Gradient data privacy"
21|"Gradient privacy location"
21|"Gradient privacy location route"
21|"Gradient privacy k anonymous"
21|"Route specific gps k anonymous"
22|"k-privacy transport"
22|"k-anonymity transport"
22|"k-anonymity location move"
22|"k-anonymity location gradient"
22|"k-anonymity cloak gradient"
22|"k-anonymity cloaking gradient"
22|"k-anonymity cloaking"
22|"k-anonymity cloaking altitude"
22|"privacy cloaking altitude"
22|"privacy preserving cloaking"
22|"privacy preserving cloaking gradient"
22|"privacy preserving  gradient"
22|"location estimation gradient"
22|"location estimation gradient GPS"
22|"location estimation gradient altitude GPS"
22|"privacy preserving data mining GPS"
22|"trajectory privacy gradientmining GPS"
22|"trajectory privacy gradient mining"
22|"trajectory privacy mining"
22|"trajectory privacy gradient"
22|"reconstruction trajectory"
22|"reconstruction trajectory gradient"
22|"privacy trajectory gradient"
22|"privacy trajectory GPS"
22|"privacy anatomy GPS"
22|"k-anonymity trajectory GPS"
22|"estimation trajectory gradient adversary"
22|"estimation GPS gradient adversary"
22|"estimation GPS"
